<?xml version="1.0" encoding="UTF-8"?><rss xmlns:dc="http://purl.org/dc/elements/1.1/" xmlns:content="http://purl.org/rss/1.0/modules/content/" xmlns:atom="http://www.w3.org/2005/Atom" version="2.0"><channel><title><![CDATA[RSS feed]]></title><description><![CDATA[RSS feed]]></description><link>http://github.com/dylang/node-rss</link><generator>rss-combiner for Node</generator><lastBuildDate>Thu, 15 Jun 2023 14:27:00 GMT</lastBuildDate><pubDate>Thu, 15 Jun 2023 14:26:13 GMT</pubDate><item><title><![CDATA[Contrat local de santé : le Pays de Brocéliande repart pour 5 ans]]></title><description><![CDATA[Vendredi 9 juin, les partenaires signataires du 2e contrat local de santé du Pays de Brocéliande ont confirmé leur engagement pour cinq nouvelles années. Réunis à Monfort-sur-Meu, ils ont officialisé la validation d’un plan d’actions qui sert une ambition commune : "maintenir la santé au cœur d…]]></description><link>https://www.bretagne.ars.sante.fr/contrat-local-de-sante-le-pays-de-broceliande-repart-pour-5-ans</link><guid isPermaLink="false">https://www.bretagne.ars.sante.fr/contrat-local-de-sante-le-pays-de-broceliande-repart-pour-5-ans</guid><dc:creator><![CDATA[Agence régionale de santé Bretagne]]></dc:creator><pubDate>Mon, 12 Jun 2023 05:36:30 GMT</pubDate></item><item><title><![CDATA[AAC DAR 2023 Finistère - agglomération de Quimper]]></title><description><![CDATA[Création d’un Dispositif d’Autorégulation (DAR) pour les enfants avec troubles du spectre de l’autisme - Agglomération de Quimper]]></description><link>https://www.bretagne.ars.sante.fr/aac-dar-2023-finistere-agglomeration-de-quimper</link><guid isPermaLink="false">https://www.bretagne.ars.sante.fr/aac-dar-2023-finistere-agglomeration-de-quimper</guid><dc:creator><![CDATA[Agence régionale de santé Bretagne]]></dc:creator><pubDate>Thu, 08 Jun 2023 08:02:33 GMT</pubDate></item><item><title><![CDATA[Contrôle sanitaire des eaux de baignade et application de la directive européenne]]></title><description><![CDATA[Un contentieux oppose Eau et Rivières de Bretagne et l’ARS Bretagne sur la gestion du contrôle sanitaire des eaux de baignade dont l’association réfute les résultats et souhaite faire corriger les classements entre 2016 et 2020. L’ARS Bretagne applique la directive européenne baignade. De nombreux é…]]></description><link>https://www.bretagne.ars.sante.fr/controle-sanitaire-des-eaux-de-baignade-et-application-de-la-directive-europeenne</link><guid isPermaLink="false">https://www.bretagne.ars.sante.fr/controle-sanitaire-des-eaux-de-baignade-et-application-de-la-directive-europeenne</guid><dc:creator><![CDATA[Agence régionale de santé Bretagne]]></dc:creator><pubDate>Wed, 07 Jun 2023 16:05:19 GMT</pubDate></item><item><title><![CDATA[Appel à manifestation d'intérêt relatif aux modalités d’adaptation de l’offre de soins en psychiatrie pour mieux répondre aux besoins (lit à la demande)]]></title><description><![CDATA[Cet appel à manifestation d’intérêt vise des dispositifs temporaires de renforcement de l’offre de soins en psychiatrie, dans un contexte de tension, en vue de prévenir les venues aux urgences et de limiter les hospitalisations.]]></description><link>https://www.bretagne.ars.sante.fr/appel-manifestation-dinteret-relatif-aux-modalites-dadaptation-de-loffre-de-soins-en-psychiatrie</link><guid isPermaLink="false">https://www.bretagne.ars.sante.fr/appel-manifestation-dinteret-relatif-aux-modalites-dadaptation-de-loffre-de-soins-en-psychiatrie</guid><dc:creator><![CDATA[Agence régionale de santé Bretagne]]></dc:creator><pubDate>Tue, 06 Jun 2023 15:14:02 GMT</pubDate></item><item><title><![CDATA[Les midis de la qualité, épisode 2 : un webinaire dédié aux ESMS dans le cadre du nouveau dispositif d'évaluation]]></title><description><![CDATA[Le 3 juillet à 12h30, l’ARS Bretagne, le CAPPS Bretagne et le CREAI Bretagne poursuivent leur accompagnement des ESMS en organisant un nouveau webinaire sur la mise en œuvre opérationnelle de la démarche d’évaluation.]]></description><link>https://www.bretagne.ars.sante.fr/les-midis-de-la-qualite-episode-2-un-webinaire-dedie-aux-esms-dans-le-cadre-du-nouveau-dispositif</link><guid isPermaLink="false">https://www.bretagne.ars.sante.fr/les-midis-de-la-qualite-episode-2-un-webinaire-dedie-aux-esms-dans-le-cadre-du-nouveau-dispositif</guid><dc:creator><![CDATA[Agence régionale de santé Bretagne]]></dc:creator><pubDate>Mon, 05 Jun 2023 14:59:25 GMT</pubDate></item><item><title><![CDATA[Dysfonctionnements sur le réseau Orange : les n° d'urgence impactés]]></title><description><![CDATA[Une forte dégradation sur les appels voix en 4G pour les clients Orange a été constatée depuis 16h. Pour les situations d’urgences, il est conseillé d’appeler le numéro 112, ou prioritairement d'utiliser un téléphone fixe pour joindre le 15.]]></description><link>https://www.bretagne.ars.sante.fr/dysfonctionnements-sur-le-reseau-orange-les-ndeg-durgence-impactes</link><guid isPermaLink="false">https://www.bretagne.ars.sante.fr/dysfonctionnements-sur-le-reseau-orange-les-ndeg-durgence-impactes</guid><dc:creator><![CDATA[Agence régionale de santé Bretagne]]></dc:creator><pubDate>Tue, 30 May 2023 18:15:03 GMT</pubDate></item><item><title><![CDATA[Bascule des assistants dentaires et des assistants de service social sur le portail eRPPS]]></title><description><![CDATA[A compter de juin 2023, les Assistants de Service Social et les Assistants Dentaires enregistrés par les ARS vont basculer sur le portail eRPPS.]]></description><link>https://www.bretagne.ars.sante.fr/bascule-des-assistants-dentaires-et-des-assistants-de-service-social-sur-le-portail-erpps-0</link><guid isPermaLink="false">https://www.bretagne.ars.sante.fr/bascule-des-assistants-dentaires-et-des-assistants-de-service-social-sur-le-portail-erpps-0</guid><dc:creator><![CDATA[Agence régionale de santé Bretagne]]></dc:creator><pubDate>Fri, 26 May 2023 13:25:38 GMT</pubDate></item><item><title><![CDATA[CH de centre Bretagne : régulation de l'accès aux urgences, la nuit, jusqu'au 2 juin à 8h30]]></title><description><![CDATA[Confronté à un manque d’effectif médical aux urgences et en dépit des efforts menés pour un remplacement, le Centre Hospitalier Centre Bretagne réorganise temporairement l’accueil du public devant solliciter une consultation aux Urgences la nuit. La poursuite de la régulation de l’accès aux urgences…]]></description><link>https://www.bretagne.ars.sante.fr/ch-de-centre-bretagne-regulation-de-lacces-aux-urgences-la-nuit-jusquau-2-juin-8h30</link><guid isPermaLink="false">https://www.bretagne.ars.sante.fr/ch-de-centre-bretagne-regulation-de-lacces-aux-urgences-la-nuit-jusquau-2-juin-8h30</guid><dc:creator><![CDATA[Agence régionale de santé Bretagne]]></dc:creator><pubDate>Fri, 26 May 2023 12:53:22 GMT</pubDate></item><item><title><![CDATA[11 structures bretonnes accueillant de jeunes enfants accompagnées pour renforcer leurs bonnes pratiques sur la santé environnementale]]></title><description><![CDATA[L'ARS Bretagne et les CAF d’Ille-et-Vilaine et du Morbihan ont lancé un appel à projets pour des pratiques respectueuses de l’environnement au sein de structures accueillant de jeunes enfants. 11 d’entre elles bénéficient de l’accompagnement d’"Agir pour la santé des générations futures…]]></description><link>https://www.bretagne.ars.sante.fr/11-structures-bretonnes-accueillant-de-jeunes-enfants-accompagnees-pour-renforcer-leurs-bonnes</link><guid isPermaLink="false">https://www.bretagne.ars.sante.fr/11-structures-bretonnes-accueillant-de-jeunes-enfants-accompagnees-pour-renforcer-leurs-bonnes</guid><dc:creator><![CDATA[Agence régionale de santé Bretagne]]></dc:creator><pubDate>Thu, 25 May 2023 08:08:56 GMT</pubDate></item><item><title><![CDATA[4 semaines pour tout savoir sur la Santé sexuelle en Bretagne]]></title><description><![CDATA[Organisé dans le cadre de la Stratégie Nationale de Santé Sexuelle, ce temps fort consacré à une approche positive et globale de la santé sexuelle, est piloté en région par l’Agence Régionale de Santé (ARS) et coordonné par la Coordination Régionale de lutte contre les infections sexuellement transm…]]></description><link>https://www.bretagne.ars.sante.fr/4-semaines-pour-tout-savoir-sur-la-sante-sexuelle-en-bretagne-0</link><guid isPermaLink="false">https://www.bretagne.ars.sante.fr/4-semaines-pour-tout-savoir-sur-la-sante-sexuelle-en-bretagne-0</guid><dc:creator><![CDATA[Agence régionale de santé Bretagne]]></dc:creator><pubDate>Wed, 24 May 2023 12:00:48 GMT</pubDate></item><item><title><![CDATA[CH de centre Bretagne : régulation de l'accès aux urgences, la nuit, du 17/05 à 20h au 24 mai 8h30]]></title><description><![CDATA[Confronté à un manque d’effectif médical aux urgences et en dépit des efforts menés pour un remplacement, le Centre Hospitalier Centre Bretagne réorganise temporairement l’accueil du public devant solliciter une consultation aux Urgences la nuit. Il met en place une régulation de l’accès aux Urgence…]]></description><link>https://www.bretagne.ars.sante.fr/ch-de-centre-bretagne-regulation-de-lacces-aux-urgences-la-nuit-du-1705-20h-au-24-mai-8h30-0</link><guid isPermaLink="false">https://www.bretagne.ars.sante.fr/ch-de-centre-bretagne-regulation-de-lacces-aux-urgences-la-nuit-du-1705-20h-au-24-mai-8h30-0</guid><dc:creator><![CDATA[Agence régionale de santé Bretagne]]></dc:creator><pubDate>Wed, 17 May 2023 15:39:56 GMT</pubDate></item><item><title><![CDATA[CH de Fougères : régulation de l’accès aux Urgences la nuit du 19/05 à 18h au 20/05 à 8h30 au]]></title><description><![CDATA[Confronté à un manque d’effectif médical aux urgences et en dépit des efforts menés pour un remplacement, le Centre Hospitalier de Fougères réorganise temporairement, l’accueil du public devant solliciter une consultation aux Urgences. Il met en place une régulation de l’accès aux Urgences la nuit d…]]></description><link>https://www.bretagne.ars.sante.fr/ch-de-fougeres-regulation-de-lacces-aux-urgences-la-nuit-du-1905-18h-au-2005-8h30-au</link><guid isPermaLink="false">https://www.bretagne.ars.sante.fr/ch-de-fougeres-regulation-de-lacces-aux-urgences-la-nuit-du-1905-18h-au-2005-8h30-au</guid><dc:creator><![CDATA[Agence régionale de santé Bretagne]]></dc:creator><pubDate>Wed, 17 May 2023 14:52:42 GMT</pubDate></item><item><title><![CDATA[Transition énergétique et écologique en santé (TEES) : l’ARS Bretagne réunit le comité de pilotage]]></title><description><![CDATA[Ce 16 mai, Elise Noguera, Directrice générale de l’ARS Bretagne, a présidé le second comité de pilotage de la transition énergétique et écologique en santé (TEES). Cette nouvelle instance, mise en place en octobre 2022, illustre la volonté politique de l’ARS et de ses partenaires* de favoriser l’eng…]]></description><link>https://www.bretagne.ars.sante.fr/transition-energetique-et-ecologique-en-sante-tees-lars-bretagne-reunit-le-comite-de-pilotage</link><guid isPermaLink="false">https://www.bretagne.ars.sante.fr/transition-energetique-et-ecologique-en-sante-tees-lars-bretagne-reunit-le-comite-de-pilotage</guid><dc:creator><![CDATA[Agence régionale de santé Bretagne]]></dc:creator><pubDate>Tue, 16 May 2023 15:28:18 GMT</pubDate></item><item><title><![CDATA[Semaines de la santé sexuelle : du 22 mai au 18 juin en Bretagne]]></title><description><![CDATA[L’ARS Bretagne et le COREVIH reconduisent les semaines bretonnes de la santé sexuelle (une dans chaque département breton). Programmées du 22 mai au 18 juin, elles intègrent la semaine nationale (5 au 9/06). Elles s’attardent cette année sur : la prévention diversifiée des maladies sexuellement tran…]]></description><link>https://www.bretagne.ars.sante.fr/semaines-de-la-sante-sexuelle-du-22-mai-au-18-juin-en-bretagne</link><guid isPermaLink="false">https://www.bretagne.ars.sante.fr/semaines-de-la-sante-sexuelle-du-22-mai-au-18-juin-en-bretagne</guid><dc:creator><![CDATA[Agence régionale de santé Bretagne]]></dc:creator><pubDate>Tue, 16 May 2023 14:38:54 GMT</pubDate></item><item><title><![CDATA[AAP 2023 pour la mise en œuvre du fonds d’innovation organisationnelle en psychiatrie]]></title><description><![CDATA[Un fonds d'innovation organisationnelle en psychiatrie a été créé en 2019, doté de 10 millions d’euros au niveau national. Il a été reconduit en 2020, 2021 et 2022.
En 2023, le Ministère de la Santé a décidé le renouvellement de ce fonds d’innovation organisationnelle en psychiatrie, doté de 1…]]></description><link>https://www.bretagne.ars.sante.fr/aap-2023-pour-la-mise-en-oeuvre-du-fonds-dinnovation-organisationnelle-en-psychiatrie</link><guid isPermaLink="false">https://www.bretagne.ars.sante.fr/aap-2023-pour-la-mise-en-oeuvre-du-fonds-dinnovation-organisationnelle-en-psychiatrie</guid><dc:creator><![CDATA[Agence régionale de santé Bretagne]]></dc:creator><pubDate>Mon, 15 May 2023 10:22:35 GMT</pubDate></item><item><title><![CDATA[AAC AJ EN EHPAD MORBIHAN 2023]]></title><description><![CDATA[Appel à candidatures pour création de 6 places d’accueil de jour pour personnes Agées en EHPAD]]></description><link>https://www.bretagne.ars.sante.fr/aac-aj-en-ehpad-morbihan-2023</link><guid isPermaLink="false">https://www.bretagne.ars.sante.fr/aac-aj-en-ehpad-morbihan-2023</guid><dc:creator><![CDATA[Agence régionale de santé Bretagne]]></dc:creator><pubDate>Mon, 15 May 2023 06:00:00 GMT</pubDate></item><item><title><![CDATA[Suspension temporaire de l’accueil aux urgences au Centre Hospitalier Centre Bretagne la nuit  du vendredi 12 mai 20h au samedi 13 mai 8h]]></title><description><![CDATA[Confronté à un manque d’effectif médical aux urgences et en dépit des efforts menés pour un remplacement, le Centre Hospitalier Centre Bretagne suspend temporairement l’accueil du public devant solliciter une prise en charge aux urgences la nuit du vendredi 12 mai 20h au samedi 13 mai 8h]]></description><link>https://www.bretagne.ars.sante.fr/suspension-temporaire-de-laccueil-aux-urgences-au-centre-hospitalier-centre-bretagne-la-nuit-du</link><guid isPermaLink="false">https://www.bretagne.ars.sante.fr/suspension-temporaire-de-laccueil-aux-urgences-au-centre-hospitalier-centre-bretagne-la-nuit-du</guid><dc:creator><![CDATA[Agence régionale de santé Bretagne]]></dc:creator><pubDate>Fri, 12 May 2023 15:30:42 GMT</pubDate></item><item><title><![CDATA[AAC HT EN EHPAD MORBIHAN 2023]]></title><description><![CDATA[Appel à candidatures création de 51 places d’hébergement temporaire pour personnes âgées en EHPAD dans le Morbihan]]></description><link>https://www.bretagne.ars.sante.fr/aac-ht-en-ehpad-morbihan-2023</link><guid isPermaLink="false">https://www.bretagne.ars.sante.fr/aac-ht-en-ehpad-morbihan-2023</guid><dc:creator><![CDATA[Agence régionale de santé Bretagne]]></dc:creator><pubDate>Fri, 12 May 2023 12:31:09 GMT</pubDate></item><item><title><![CDATA[Vaccination contre les papillomavirus humains (HPV) dans les collèges :  installation du premier comité de pilotage régional sous le pilotage de l’ARS Bretagne en partenariat avec le Rectorat]]></title><description><![CDATA[Le 28 février dernier, le Président de la République a annoncé l’organisation de campagnes annuelles de vaccination généralisées et gratuites pour les élèves de 5e, afin d’améliorer la couverture vaccinale des filles et des garçons contre les infections à papillomavirus humains (HPV). La 1ère campag…]]></description><link>https://www.bretagne.ars.sante.fr/vaccination-contre-les-papillomavirus-humains-hpv-dans-les-colleges-installation-du-premier-comite</link><guid isPermaLink="false">https://www.bretagne.ars.sante.fr/vaccination-contre-les-papillomavirus-humains-hpv-dans-les-colleges-installation-du-premier-comite</guid><dc:creator><![CDATA[Agence régionale de santé Bretagne]]></dc:creator><pubDate>Wed, 10 May 2023 15:08:26 GMT</pubDate></item><item><title><![CDATA[Journée portes-ouvertes du secteur médico-social du Finistère le 11 mai]]></title><description><![CDATA[Le Conseil départemental, la délégation départementale de l’ARS et la direction territoriale de Pôle emploi s’engagent aux côtés des acteurs du médico-social pour soutenir le recrutement dans les métiers du secteur. 129 établissements sociaux et médico-sociaux (ESMS) et structures de service d’aide…]]></description><link>https://www.bretagne.ars.sante.fr/journee-portes-ouvertes-du-secteur-medico-social-du-finistere-le-11-mai</link><guid isPermaLink="false">https://www.bretagne.ars.sante.fr/journee-portes-ouvertes-du-secteur-medico-social-du-finistere-le-11-mai</guid><dc:creator><![CDATA[Agence régionale de santé Bretagne]]></dc:creator><pubDate>Wed, 10 May 2023 14:52:38 GMT</pubDate></item></channel></rss>